PRODUCTO,MARCA,MODELO,IMGSRC,CODIGO
ANA HICKMANN AH MARI-7 D21,ANA HICKMANN,AH MARI-7 D21,https://loja.oticaademar.com.br/image/cache/catalog/Produtos/59475%20-%20Armacao%20Ana%20Hickmann%20MARI%207%20D21%2054-16%2001-800x800.jpg,2545                  
ANA HICKMANN AH MARI-7 N01,ANA HICKMANN,AH MARI-7 N01,https://loja.oticaademar.com.br/image/cache/catalog/Produtos/59476%20-%20Armacao%20Ana%20Hickmann%20MARI%207%20N01%2054-16%2001-800x800.jpg,2546                  
ANA HICKMANN AH NINA-3 N01,ANA HICKMANN,AH NINA-3 N01,https://loja.oticaademar.com.br/image/cache/catalog/Produtos/59481%20-%20Armacao%20Ana%20Hickmann%20NINA%203%20N01%2054-17%2001-800x800.jpg,2547                  
ANA HICKMANN AH NINA-4 N01,ANA HICKMANN,AH NINA-4 N01,https://loja.oticaademar.com.br/image/cache/catalog/Produtos/60706%20-%20Armacao%20Ana%20Hickmann%20NINA%204%20C02%2053-16%2001-350x350.jpg,2548                  
ANA HICKMANN AH RAFA-1 01A,ANA HICKMANN,AH RAFA-1 01A,https://anahickmanneyewear.com.br/wp-content/uploads/2025/04/RAFA-1-01A.png,2549                  
ANA HICKMANN AH RAFA-1 04A,ANA HICKMANN,AH RAFA-1 04A,https://cdn.sistemawbuy.com.br/arquivos/6e5a6d1d71db14f406a72b8dc627ea0a/produtos/681a3f6353220/16308-3b07c47c-1688-4ea1-8d98-b9070a53108c-681a3f63b5075.jpeg,2550                  
ANA HICKMANN AH RAFA-1 05A,ANA HICKMANN,AH RAFA-1 05A,https://images.tcdn.com.br/img/img_prod/1365112/ana_hickmann_rafa_1_05a_3733_2_c06fe6815101532b41bbd0cbf6e352e8.jpg,2551                  
ANA HICKMANN AH10011-07A,ANA HICKMANN,AH10011-07A,https://a-static.mlcdn.com.br/%7Bw%7Dx%7Bh%7D/armacao-ana-hickmann-ah10011-07a/olistplus/o2e0tvctivjd9mfz/7241f393e7732e6c599a454acdf5b8a3.jpeg,2710                  
ANA HICKMANN AH10055-07A,ANA HICKMANN,AH10055-07A,https://oticaview.com.br/media/catalog/product/_/c/_culos_de_grau_ana_hickmann_ah10055_07a_54_2_.jpg,2728                  
ANA HICKMANN AH10055-08A,ANA HICKMANN,AH10055-08A,https://a-static.mlcdn.com.br/%7Bw%7Dx%7Bh%7D/armacao-ana-hickmann-ah10055-08a/oliststore/mgln110pecsaaw6f/f1884ee598eb8f8041d15d70679f0b1c.jpeg,2720                  
ANA HICKMANN AH10056-01A,ANA HICKMANN,AH10056-01A,https://www.safira.com.br/cdn/imagens/produtos/det/armacao-feminina-ana-hickmann-ah10056-01a-ef11df78460b2383aad0dc8af7365f33.jpg,2318                  
ANA HICKMANN AH10056-07A,ANA HICKMANN,AH10056-07A,https://a-static.mlcdn.com.br/280x210/ana-hickmann-ah10056-08a-55-17/oticaviewsiteoficial/38675/df35eebfa27af79a539825ef0e352715.jpeg,2317                  
ANA HICKMANN AH10057-04B,ANA HICKMANN,AH10057-04B,https://encrypted-tbn0.gstatic.com/images?q=tbn:ANd9GcSYhZe24NUV5qaKpsUK58Hq5uUeIewgdAwu4A&s,2722                  
ANA HICKMANN AH10057-05A,ANA HICKMANN,AH10057-05A,https://encrypted-tbn0.gstatic.com/images?q=tbn:ANd9GcT-H1UEm_vNliOjthxC1HWAPic61R2KFCOXeg&s,2723                  
ANA HICKMANN AH10058-04A,ANA HICKMANN,AH10058-04A,https://www.safira.com.br/cdn/imagens/produtos/det/armacao-feminina-ana-hickmann-ah10058-04a-77e0780af9b686dd5d78f92e9494ac6e.jpg,2719                  
ANA HICKMANN AH10058-05A,ANA HICKMANN,AH10058-05A,https://images.tcdn.com.br/img/img_prod/1084939/oculos_de_grau_ana_hickmann_ar_ah10058_05a_56_feminino_gatinho_5078_1_51acd53e81e97a5899b3e8b179d27e87.jpg,2712                  
ANA HICKMANN AH10060-05A,ANA HICKMANN,AH10060-05A,https://www.safira.com.br/cdn/imagens/produtos/det/armacao-feminina-ana-hickmann-ah10060-05a-23ece96afebbe1868e3337b6cc437628.jpg,2706                  
ANA HICKMANN AH10069-07A,ANA HICKMANN,AH10069-07A,https://loja.oticaademar.com.br/image/cache/catalog/Produtos/59466%20-%20Armacao%20Ana%20Hickmann%20BEL%201%20AH10069%2001B%2053-16%2001-800x800.jpg,2708                  
ANA HICKMANN AH10069-12A,ANA HICKMANN,AH10069-12A,https://loja.oticaademar.com.br/image/cache/catalog/Produtos/59466%20-%20Armacao%20Ana%20Hickmann%20BEL%201%20AH10069%2001B%2053-16%2001-800x800.jpg,2714                  
ANA HICKMANN AH10070-01A,ANA HICKMANN,AH10070-01A,https://loja.oticaademar.com.br/image/cache/catalog/Produtos/59467%20-%20Armacao%20Ana%20Hickmann%20BEL%202%20AH10070%2001A%2055-17%2001-800x800.jpg,2715                  
ANA HICKMANN AH10070-06A,ANA HICKMANN,AH10070-06A,https://carrefourbr.vtexassets.com/arquivos/ids/190549666/image-0.jpg?v=638804253734700000,2711                  
ANA HICKMANN AH10070-13A,ANA HICKMANN,AH10070-13A,https://loja.oticaademar.com.br/image/cache/catalog/Produtos/59467%20-%20Armacao%20Ana%20Hickmann%20BEL%202%20AH10070%2001A%2055-17%2001-800x800.jpg,2716                  
ANA HICKMANN AH1350-07A,ANA HICKMANN,AH1350-07A,https://images.tcdn.com.br/img/img_prod/1365112/ana_hickmann_ah1350_07a_2379_1_cb21a77ac046893fb154117a23c007dc.jpg,2089                  
ANA HICKMANN AH1353-04AS,ANA HICKMANN,AH1353-04AS,https://oculosshop.com.br/cdn/shop/products/ana-hickmann-ah-1353-oculos-de-grau-04a-dourado-e-vermelho-mesclado-brilho-lente-5-5-cm_510f237d-cbd1-4428-ba88-cc845d061d90.jpg?v=1763463827,2079                  
ANA HICKMANN AH1353-04D,ANA HICKMANN,AH1353-04D,https://http2.mlstatic.com/D_NQ_NP_942518-MLB42494121619_072020-O.webp,2106                  
ANA HICKMANN AH1440-01A,ANA HICKMANN,AH1440-01A,https://imgs.casasbahia.com.br/1576724450/1xg.jpg?imwidth=1000,2725                  
ANA HICKMANN AH60003-H01,ANA HICKMANN,AH60003-H01,https://www.safira.com.br/cdn/imagens/produtos/det/oculos-de-grau-ana-hickmann-ah60003-h01-ce48fdef3c8b109b531900eccb2e88a9.jpg,1924                  
ANA HICKMANN AH60006-K01,ANA HICKMANN,AH60006-K01,https://encrypted-tbn0.gstatic.com/images?q=tbn:ANd9GcRRPDx7fkLy-35jRTquHV7xU4UT8X9TGuLzvg&s,1982                  
ANA HICKMANN AH60007-A01,ANA HICKMANN,AH60007-A01,https://a-static.mlcdn.com.br/%7Bw%7Dx%7Bh%7D/armacao-de-oculos-ana-hickmann-ah60007-a01-preto-brilho/lojasolare/ah60007-a01-v/14768adee83958a7ae295becb209dea4.jpeg,1983                  
ANA HICKMANN AH60013-G23,ANA HICKMANN,AH60013-G23,https://www.oticaperfil.com.br/image/cache/catalog/Ana-Hickmann-Grau/Ana-Hickmann-AH-60013-G23-54-1000x1000.png,1745                  
ANA HICKMANN AH60018-A01,ANA HICKMANN,AH60018-A01,https://loja.oticaademar.com.br/image/cache/catalog/Produtos//47247%20-%20Armacao%20Ana%20Hickmann%20AH60018%20A01%2054-16%2001-800x800.jpg,2083                  
ANA HICKMANN AH60019-A01,ANA HICKMANN,AH60019-A01,https://loja.oticaademar.com.br/image/cache/catalog/Produtos//47249%20-%20Armacao%20Ana%20Hickmann%20AH60019%20A01%2055-15%2001-800x800.jpg,2101                  
ANA HICKMANN AH60042-D01,ANA HICKMANN,AH60042-D01,https://images.tcdn.com.br/img/img_prod/877056/oculos_de_grau_ana_hickmann_feminino_ah60042_d01_13689_1_6bc7e996ae1876005b431d7e5111ed21.jpg,2281                  
ANA HICKMANN AH60047-G02,ANA HICKMANN,AH60047-G02,https://oculosshop.com.br/cdn/shop/files/56586.jpg?crop=center&height=1024&v=1723159761&width=1024,2278                  
ANA HICKMANN AH60057-A01,ANA HICKMANN,AH60057-A01,https://encrypted-tbn0.gstatic.com/images?q=tbn:ANd9GcSGGXvzWWarxcYb7DcsFd-B9X0keLABvfHAcw&s,2275                  
ANA HICKMANN AH60065-A01,ANA HICKMANN,AH60065-A01,https://encrypted-tbn0.gstatic.com/images?q=tbn:ANd9GcQLuCtV-uPqpH0UvQhmSNlZF8RaEc7y4-G_WQ&s,2298                  
ANA HICKMANN AH60078-A03,ANA HICKMANN,AH60078-A03,https://loja.oticaademar.com.br/image/cache/catalog/Produtos//52501%20-%20Armacao%20Ana%20Hickmann%20AH60078%20A03%2052-19%2001-800x800.jpg,2301                  
ANA HICKMANN AH60083-A01,ANA HICKMANN,AH60083-A01,https://encrypted-tbn0.gstatic.com/images?q=tbn:ANd9GcQjqmLrIySsAQb5Heu0J1zsvhmMM67EvRanyg&s,2705                  
ANA HICKMANN AH60083-D01,ANA HICKMANN,AH60083-D01,https://encrypted-tbn0.gstatic.com/images?q=tbn:ANd9GcSsj22xc_8F4CCpUB7e0DesnuGFSfXR8rR0CQ&s,2704                  
ANA HICKMANN AH6383N-A01,ANA HICKMANN,AH6383N-A01,https://lauriaoculos.com/wp-content/uploads/2022/02/AH6383N-A01.jpg,1960                  
ANA HICKMANN AH6384N-A01,ANA HICKMANN,AH6384N-A01,https://lenshop.gr/images/products/original/ana-hickmann-ah6384-a01.jpg,1947                  
ANA HICKMANN AH6384N-G01,ANA HICKMANN,AH6384N-G01,https://oticasdiniz.vtexassets.com/arquivos/ids/567836-495.1-495.1?v=638488134247830000&width=495.1&height=495.1&aspect=true,1945                  
ANA HICKMANN AH6384N-G21,ANA HICKMANN,AH6384N-G21,https://lenshop.gr/images/products/original/ana-hickmann-ah6384-g21.jpg,1926                  
ANA HICKMANN AH6407N-A01,ANA HICKMANN,AH6407N-A01,https://m.media-amazon.com/images/I/41vUhdmCSyL.jpg,1956                  
ANA HICKMANN AH6421N-H01A,ANA HICKMANN,AH6421N-H01A,https://encrypted-tbn0.gstatic.com/images?q=tbn:ANd9GcQiQjNddNjH8k7y9qLh1H8wJ0YdThLzFfJfGw&s,2718                  
ANA HICKMANN AH90020-A01,ANA HICKMANN,AH90020-A01,https://oculosshop.com.br/cdn/shop/files/56266A.jpg?v=1692213144,2262                  
ANA HICKMANN AH90020-D21,ANA HICKMANN,AH90020-D21,https://oculosshop.com.br/cdn/shop/files/56267A.jpg?v=1692213105,2319                  
ATITUDE AT1701-04A,ATITUDE,AT1701-04A,https://images.tcdn.com.br/img/img_prod/846719/armacao_para_oculos_de_grau_atitude_at1700_04a_4117_1_70c6e14a7ed4266744a70bcd7fb5b133.jpg,2737                  
ATITUDE AT1704-13A,ATITUDE,AT1704-13A,https://d5gag3xtge2og.cloudfront.net/producao/34812836/G/1.jpg,2248                  
ATITUDE AT1709M-02A,ATITUDE,AT1709M-02A,https://imgmarketplace.lojasrenner.com.br/20001/3300/7010704777192/7510710008743/0.jpeg,2328                  
ATITUDE AT1715-04B,ATITUDE,AT1715-04B,https://oculosshop.com.br/cdn/shop/files/57371_grande.jpg?v=1733338425,2748                  
ATITUDE AT1719-04A,ATITUDE,AT1719-04A,https://marketplace.bancointer.com.br/ecommerce/images/platform/665cabe55afd3f45cb4b992eeef56931.png,2848                  
ATITUDE AT1719-04B,ATITUDE,AT1719-04B,https://a-static.mlcdn.com.br/800x800/armacao-atitude-at1719-04a/oticavisaoweb/25910/bfe5ad3bdd247c0c32f99647c11af084.jpeg,2751                  
ATITUDE AT1720-09A,ATITUDE,AT1720-09A,https://marketplace.bancointer.com.br/ecommerce/images/platform/b8752218289a9d9011f5f69abe201172.png,2831                  
ATITUDE AT1720-09A,ATITUDE,AT1720-09A,https://oculosshop.com.br/cdn/shop/files/102872_1_grande.jpg?v=1744040826,2831                  
ATITUDE AT2121-03A,ATITUDE,AT2121-03A,https://oculosshop.com.br/cdn/shop/files/102872_1_grande.jpg?v=1744040826,2327                  
ATITUDE AT2121-04A,ATITUDE,AT2121-04A,https://oculosshop.com.br/cdn/shop/files/100982_1_grande.jpg?v=1726858061,2745                  
ATITUDE AT2122-02A,ATITUDE,AT2122-02A,https://imgs.casasbahia.com.br/1565769383/1xg.jpg?imwidth=1000,2331                  
ATITUDE AT2123-05A,ATITUDE,AT2123-05A,https://loja.oticaolhosdobem.com.br/empresa/5828/produto/produto-1417-1.jpg,2333                  
ATITUDE AT2123-05B,ATITUDE,AT2123-05B,https://www.oticavisaoweb.com.br/pub/media/catalog/product/cache/0ee050c3ffc3555709b9bb6062f4d7e9/a/t/at2123_05a.jpg,2332                  
ATITUDE AT2124-06A,ATITUDE,AT2124-06A,https://oculosshop.com.br/cdn/shop/files/100985_1_grande.jpg?v=1726858788,2337                  
ATITUDE AT2124-07A,ATITUDE,AT2124-07A,https://d5gag3xtge2og.cloudfront.net/producao/34892431/G/1.jpg,2336                  
ATITUDE AT2125-08A,ATITUDE,AT2125-08A,https://images.tcdn.com.br/img/img_prod/1365112/atitude_at2124_07a_1157_1_e638ece81965ee04b57aec445fff0c26.jpeg,2859                  
ATITUDE AT2125-13A,ATITUDE,AT2125-13A,https://loja.oticaademar.com.br/image/cache/catalog/Produtos//51944%20-%20Armacao%20Atitude%20AT2125%2009A%2053-18%2001-800x800.jpg,2800                  
ATITUDE AT2127M-A01,ATITUDE,AT2127M-A01,https://images.tcdn.com.br/img/img_prod/1261310/atitude_at1709m_02a_237_1_e9114265cb54268b6d1ccf3abcdcab3c.jpeg,2342                  
ATITUDE AT2127M-H01,ATITUDE,AT2127M-H01,https://oculosshop.com.br/cdn/shop/files/100986_1.jpg?v=1726859008,2340                  
ATITUDE AT2133M-04A,ATITUDE,AT2133M-04A,https://a-static.mlcdn.com.br/%7Bw%7Dx%7Bh%7D/armacao-de-oculos-atitude-at2127m-h01-grafite-fosco/oticawebmey2/at2127m-h01-v/577b7d989c5aa05c5d03b2a0424f5bd6.jpeg,2825                  
ATITUDE AT2134M-04A,ATITUDE,AT2134M-04A,https://www.oticavisaoweb.com.br/pub/media/catalog/product/cache/0ee050c3ffc3555709b9bb6062f4d7e9/a/t/at2133m_06b.jpg,2863                  
ATITUDE AT2135-02A,ATITUDE,AT2135-02A,https://loja.oticaademar.com.br/image/cache/catalog/Produtos//51944%20-%20Armacao%20Atitude%20AT2125%2009A%2053-18%2001-800x800.jpg,2759                  
ATITUDE AT2135-04A,ATITUDE,AT2135-04A,https://marketplace.bancointer.com.br/ecommerce/images/platform/f6e86a96efdb75be66f72e5404f01552.png,2347                  
ATITUDE AT2135-05A,ATITUDE,AT2135-05A,https://marketplace.bancointer.com.br/ecommerce/images/platform/f6e86a96efdb75be66f72e5404f01552.png,2348                  
ATITUDE AT2136-05A,ATITUDE,AT2136-05A,https://a-static.mlcdn.com.br/%7Bw%7Dx%7Bh%7D/armacao-atitude-at2135-05a/oticavisaoweb/25913/e8397c2c8bf91ac5405ae31b1a891d7c.jpeg,2846                  
ATITUDE AT2137-05A,ATITUDE,AT2137-05A,https://americanas.vtexassets.com/arquivos/ids/7215573/7514013739_1_xlarge.jpg?v=638751731653900000,2350                  
ATITUDE AT2137-12A,ATITUDE,AT2137-12A,https://www.safira.com.br/cdn/imagens/produtos/det/armacao-feminina-atitude-at2137-05a-c4c6ce2ed77e17170f05db846eec22f9.jpg,2352                  
ATITUDE AT2137-13A,ATITUDE,AT2137-13A,https://encrypted-tbn0.gstatic.com/images?q=tbn:ANd9GcQjuReI4oLXMe9vumYt6maiA5GdHj31Y3GwOg&s,2351                  
ATITUDE AT2138-05A,ATITUDE,AT2138-05A,https://images.tcdn.com.br/img/img_prod/877056/oculos_de_grau_original_atitude_em_metal_unissex_at2137_15639_1_7c0443bf81b56bf47fae36999abcbc8d.jpg,2349                  
ATITUDE AT2138-12A,ATITUDE,AT2138-12A,https://d5gag3xtge2og.cloudfront.net/producao/34576572/G/16.png,2354                  
ATITUDE AT2138-13A,ATITUDE,AT2138-13A,https://goeyewear.com.br/wp-content/uploads/2024/06/AT2138-12A.jpg,2353                  
ATITUDE AT2161-01A,ATITUDE,AT2161-01A,https://goeyewear.com.br/wp-content/uploads/2024/06/AT2138-12A.jpg,2778                  
ATITUDE AT2161-04A,ATITUDE,AT2161-04A,https://http2.mlstatic.com/D_NQ_NP_960120-MLA95620021945_102025-O.webp,2773                  
ATITUDE AT2161-09A,ATITUDE,AT2161-09A,https://http2.mlstatic.com/D_NQ_NP_960120-MLA95620021945_102025-O.webp,2827                  
ATITUDE AT2162-01A,ATITUDE,AT2162-01A,https://http2.mlstatic.com/D_NQ_NP_685074-MLA85246612269_052025-O.webp,2744                  
ATITUDE AT2162-04A,ATITUDE,AT2162-04A,https://http2.mlstatic.com/D_NQ_NP_768032-MLA95157244252_102025-O.webp,2749                  
ATITUDE AT2162-09A,ATITUDE,AT2162-09A,https://http2.mlstatic.com/D_NQ_NP_812325-MLB82795012306_032025-O.webp,2729                  
ATITUDE AT4126-H02,ATITUDE,AT4126-H02,https://a-static.mlcdn.com.br/%7Bw%7Dx%7Bh%7D/armacao-atitude-at2162-09a/oticavisaoweb/25917/70358c7c1b21089d440e2d155c943160.jpeg,2787                  
ATITUDE AT4133-N02,ATITUDE,AT4133-N02,https://oticasdiniz.vtexassets.com/arquivos/ids/579342/1714825_1.jpg?v=638555278178030000,2866                  
ATITUDE AT4146M-A11,ATITUDE,AT4146M-A11,https://http2.mlstatic.com/D_NQ_NP_610376-MLB83479755920_042025-O.webp,2779                  
ATITUDE AT4147-A01,ATITUDE,AT4147-A01,https://a-static.mlcdn.com.br/%7Bw%7Dx%7Bh%7D/armacao-atitude-at4133-n02/oticavisaoweb/25277/ab55a18194813a5c0dbb97432b6b2de7.jpeg,2813                  
ATITUDE AT4147-N01,ATITUDE,AT4147-N01,https://cdn.awsli.com.br/600x450/1650/1650992/produto/341767577/sem-t-tulo-5-68u0rjebrc.gif,2743                  
ATITUDE AT4148-G01,ATITUDE,AT4148-G01,https://cdn.awsli.com.br/300x300/1650/1650992/produto/111057252/9d70ed1519.jpg,2741                  
ATITUDE AT4149M-A11,ATITUDE,AT4149M-A11,https://www.oticavisaoweb.com.br/pub/media/catalog/product/cache/0ee050c3ffc3555709b9bb6062f4d7e9/s/e/sem_t_tulo-2_371.png,2774                  
ATITUDE AT4149M-D11,ATITUDE,AT4149M-D11,https://encrypted-tbn0.gstatic.com/images?q=tbn:ANd9GcS2zwU0y6eihUibFNPugDah7KIBGxUt8CdtpQ&s,2791                  
ATITUDE AT6275-A01,ATITUDE,AT6275-A01,https://encrypted-tbn0.gstatic.com/images?q=tbn:ANd9GcTld4UVg1kN7PXlA9aZA-kuHpwPH8yE9WZo2g&s,2355                  
ATITUDE AT6275-R01,ATITUDE,AT6275-R01,https://images.tcdn.com.br/img/img_prod/1365112/atitude_at6275_a01_1167_1_e56f6a9869ee83951a12af052d0a1a5a.jpeg,2203                  
ATITUDE AT6276-A01,ATITUDE,AT6276-A01,https://static.netshoes.com.br/produtos/armacao-para-oculos-de-grau-atitude-at6275-r01/98/EGE-1398-198/EGE-1398-198_zoom1.jpg?ts=1720356673&ims=544x,2733                  
ATITUDE AT6276-G22,ATITUDE,AT6276-G22,https://a-static.mlcdn.com.br/%7Bw%7Dx%7Bh%7D/oculos-armacao-atitude-at6276-a01-feminino-preto-e-rosa/olistplus/o2e92ifwasjdx8m3/4f82d454145f72779b63df5f592a6e57.jpeg,2849                  
ATITUDE AT6278-C01,ATITUDE,AT6278-C01,https://m.media-amazon.com/images/I/31IzztRwueL._SY1000_.jpg,2358                  
ATITUDE AT6278-K01,ATITUDE,AT6278-K01,https://images.tcdn.com.br/img/img_prod/1281779/oculos_de_grau_calvin_klein_ckj22621_001_51_11457_2_f9533a7f0669f7dd4e005582b6234841.jpg,2359                  
ATITUDE AT6279-C01,ATITUDE,AT6279-C01,https://a-static.mlcdn.com.br/%7Bw%7Dx%7Bh%7D/oculos-armacao-atitude-at6278-k01-feminino-quadrado-rosa/olistsp/ospx63aresw0o85o/8b7431720a685fca9582e4b7692fc55c.jpeg,2357                  
ATITUDE AT6279-K01,ATITUDE,AT6279-K01,https://loja.penelopi.com.br/wp-content/uploads/2023/12/AT6279-C01-2.png,2235                  
ATITUDE AT6285-A03,ATITUDE,AT6285-A03,https://oticasdiniz.vtexassets.com/arquivos/ids/613067/1746310_1.png?v=638738587906500000,2360                  
ATITUDE AT6285-K02,ATITUDE,AT6285-K02,https://www.oticavisaoweb.com.br/pub/media/catalog/product/cache/0ee050c3ffc3555709b9bb6062f4d7e9/a/t/at6285_a03.jpg,2363                  
ATITUDE AT6286-A02,ATITUDE,AT6286-A02,https://images.tcdn.com.br/img/img_prod/1365112/180_atitude_at7223_k02_2799_1_a5f6bd4dbc22b94b06cd736e63307c22.jpg,2368                  
ATITUDE AT6287-A03,ATITUDE,AT6287-A03,https://oticasdiniz.vtexassets.com/arquivos/ids/595930/1736896_1.jpg?v=638604734489600000,2201                  
ATITUDE AT6287-C02,ATITUDE,AT6287-C02,https://encrypted-tbn0.gstatic.com/images?q=tbn:ANd9GcSBQhMn9AYQSG7SLVxjPyTSQ2bIUOnelXAS7Q&s,2202                  
ATITUDE AT6287-K03,ATITUDE,AT6287-K03,https://www.safira.com.br/cdn/imagens/produtos/det/armacao-feminina-atitude-at6287-c02-26a67fe732c59dd50056e9a80ee0bbf9.jpg,2365                  
ATITUDE AT6294M-A02,ATITUDE,AT6294M-A02,https://encrypted-tbn0.gstatic.com/images?q=tbn:ANd9GcS2zwU0y6eihUibFNPugDah7KIBGxUt8CdtpQ&s,2843                  
ATITUDE AT6295-A01,ATITUDE,AT6295-A01,https://encrypted-tbn0.gstatic.com/images?q=tbn:ANd9GcT3xbv3yyb9p-WXzg9OECm3XNhFPt-pzDfU4g&s,2842                  
ATITUDE AT6295-G02,ATITUDE,AT6295-G02,https://a-static.mlcdn.com.br/%7Bw%7Dx%7Bh%7D/armacao-atitude-at6295-g02/oticavisaoweb/24402/73f59c4f62d7d5693e29e6d72d8a594e.jpeg,2839                  
ATITUDE AT6295-K02,ATITUDE,AT6295-K02,https://a-static.mlcdn.com.br/%7Bw%7Dx%7Bh%7D/armacao-atitude-at6295-g02/oticavisaoweb/24402/73f59c4f62d7d5693e29e6d72d8a594e.jpeg,2838                  
ATITUDE AT6296-A01,ATITUDE,AT6296-A01,https://a-static.mlcdn.com.br/%7Bw%7Dx%7Bh%7D/armacao-atitude-at6295-g02/oticavisaoweb/24402/73f59c4f62d7d5693e29e6d72d8a594e.jpeg,2861                  
ATITUDE AT6296-D02,ATITUDE,AT6296-D02,https://images.tcdn.com.br/img/img_prod/877056/oculos_de_grau_original_atitude_em_acetato_feminino_at6296_15589_2_474bfa0ee93aa3fa0178a00380ccf148.jpg,2864                  
ATITUDE AT6301M-A12,ATITUDE,AT6301M-A12,https://www.rafaeloticaerelojoaria.com.br/admin/arquivos/produtos/997420-d.27_02_2025_15_03_22.jpg,2736                  
ATITUDE AT6301M-H12,ATITUDE,AT6301M-H12,https://oculosshop.com.br/cdn/shop/files/102882_1_grande.jpg?v=1744042690,2732                  
ATITUDE AT7071-T01,ATITUDE,AT7071-T01,https://images.tcdn.com.br/img/img_prod/877056/90_oculos_de_grau_original_atitude_em_acetato_feminino_at6296_15589_1_4338653661a9004e00e226b1b0b3283d.jpg,1628                  
ATITUDE AT7169-A01,ATITUDE,AT7169-A01,https://www.rafaeloticaerelojoaria.com.br/admin/arquivos/produtos/951935-d.21_03_2025_14_15_30.jpg,2001                  
ATITUDE AT7174-A01,ATITUDE,AT7174-A01,https://dcdn-us.mitiendanube.com/stores/293/334/products/at7169-a01_11-4e1a0f6923662b804616757984010884-480-0.jpg,2011                  
ATITUDE AT7180-D01,ATITUDE,AT7180-D01,https://encrypted-tbn0.gstatic.com/images?q=tbn:ANd9GcT8Yca2B6vUFL_3NvgQQ8FfpXArypbEqx5owA&s,2378                  
ATITUDE AT7184M-D02,ATITUDE,AT7184M-D02,https://oculosshop.com.br/cdn/shop/files/102882-1.jpg?v=1744042690&width=416,2837                  
ATITUDE AT7185M-A01,ATITUDE,AT7185M-A01,https://http2.mlstatic.com/D_NQ_NP_970091-MLU77708936489_072024-O.webp,2379                  
ATITUDE AT7187-C21,ATITUDE,AT7187-C21,https://oticasdiniz.vtexassets.com/arquivos/ids/528279/1710591.jpg?v=638107236951600000,2810                  
ATITUDE AT7187-J01,ATITUDE,AT7187-J01,https://d5gag3xtge2og.cloudfront.net/producao/35144939/G/16.jpg,2804                  
ATITUDE AT7187-K01,ATITUDE,AT7187-K01,https://http2.mlstatic.com/D_NQ_NP_673675-MLB87602129710_072025-O.webp,2384                  
ATITUDE AT7187-T01,ATITUDE,AT7187-T01,https://araroptica.com.py/storage/productos/at7187k01531740142484.png,2809                  
ATITUDE AT7188-C01,ATITUDE,AT7188-C01,https://encrypted-tbn0.gstatic.com/images?q=tbn:ANd9GcTMzwJNWJH0dl-gjfJ7ZmBZ7bg4licQz8BdGQ&s,2812                  
ATITUDE AT7188-G01,ATITUDE,AT7188-G01,https://http2.mlstatic.com/D_NQ_NP_844315-MLB87602807886_072025-O.webp,2385                  
ATITUDE AT7188-T01,ATITUDE,AT7188-T01,https://encrypted-tbn0.gstatic.com/images?q=tbn:ANd9GcQmCw5Tf5RUrbhxcgfENNf2_d1CUImHp3r9Sg&s,2805                  
ATITUDE AT7189-H02,ATITUDE,AT7189-H02,https://encrypted-tbn0.gstatic.com/images?q=tbn:ANd9GcRtrnvlJRm81mUvJagkcrvDlo5CcW8oEzUWow&s,2814                  
ATITUDE AT7189-K02,ATITUDE,AT7189-K02,https://d5gag3xtge2og.cloudfront.net/producao/34232848/G/3.png,2817                  
ATITUDE AT7189-T01,ATITUDE,AT7189-T01,https://encrypted-tbn0.gstatic.com/images?q=tbn:ANd9GcTOqJr609Zmn8ntXZXbQmy3YU3R49mZQjgDZw&s,2811                  
ATITUDE AT7190-A01,ATITUDE,AT7190-A01,https://encrypted-tbn0.gstatic.com/images?q=tbn:ANd9GcSIqSWUYOvTKxDwdUkit4U9Mqpb1obrPOwAkw&s,2811                  
ATITUDE AT7190-D02,ATITUDE,AT7190-D02,https://d5gag3xtge2og.cloudfront.net/producao/34176655/G/1.png,2822                  
ATITUDE AT7190-K01,ATITUDE,AT7190-K01,https://d5gag3xtge2og.cloudfront.net/producao/34174376/G/1.png,2780                  
ATITUDE AT7194-D02,ATITUDE,AT7194-D02,https://d5gag3xtge2og.cloudfront.net/producao/34176655/G/1.png,2382                  
ATITUDE AT7194-H02,ATITUDE,AT7194-H02,https://encrypted-tbn0.gstatic.com/images?q=tbn:ANd9GcQU_KpNjitXEmfZudxe1Ej9FOp9AOsqJqliLg&s,2841                  
ATITUDE AT7195-D02,ATITUDE,AT7195-D02,https://encrypted-tbn0.gstatic.com/images?q=tbn:ANd9GcQU_KpNjitXEmfZudxe1Ej9FOp9AOsqJqliLg&s,2835                  
ATITUDE AT7195-N02,ATITUDE,AT7195-N02,https://http2.mlstatic.com/D_NQ_NP_827939-MLB87604542460_072025-O.webp,2381                  
ATITUDE AT7202-G02,ATITUDE,AT7202-G02,https://http2.mlstatic.com/D_NQ_NP_827939-MLB87604542460_072025-O.webp,2834                  
ATITUDE AT7203-C02,ATITUDE,AT7203-C02,https://encrypted-tbn0.gstatic.com/images?q=tbn:ANd9GcTtu_8DBYEr1M-jHuctuYuySuKemUeaLoCbjA&s,2854                  
ATITUDE AT7213-K02,ATITUDE,AT7213-K02,https://images.tcdn.com.br/img/img_prod/877056/180_oculos_de_grau_original_atitude_em_acetato_unissex_at7203_17131_2_3a94196de06a9b2c6e1a5011469618d3.jpg,2392                  
ATITUDE AT7213-K12,ATITUDE,AT7213-K12,https://americanas.vtexassets.com/arquivos/ids/17164394/7504764576_1_xlarge.jpg?v=638754744018600000,2394                  
ATITUDE AT7213-R01,ATITUDE,AT7213-R01,https://americanas.vtexassets.com/arquivos/ids/1595445/7504766557_1_xlarge.jpg?v=638750968823900000,2857                  
ATITUDE AT7214-K02,ATITUDE,AT7214-K02,https://images.tcdn.com.br/img/img_prod/1261310/atitude_at7213_r01_257_1_92268c8ef5b702d0078524789018c22b.jpeg,2806                  
ATITUDE AT7214-K12,ATITUDE,AT7214-K12,https://tfcqdl.vtexassets.com/arquivos/ids/183306/AT7214__K02-1.png?v=638460206279230000,2395                  
ATITUDE AT7215-C02,ATITUDE,AT7215-C02,https://d5gag3xtge2og.cloudfront.net/producao/34812982/G/1.jpg,2397                  
ATITUDE AT7215-R02,ATITUDE,AT7215-R02,https://encrypted-tbn0.gstatic.com/images?q=tbn:ANd9GcTR-qb8qF2fadPRnfdsUK3bn9h6Ak2k9w0QpQ&s,2398                  
ATITUDE AT7215-R03,ATITUDE,AT7215-R03,https://encrypted-tbn0.gstatic.com/images?q=tbn:ANd9GcRv9iPlozxy1eg8jnSi2FvF_A4jb-cQmeGp7w&s,2936                  
ATITUDE AT7216-C02,ATITUDE,AT7216-C02,https://oculosshop.com.br/cdn/shop/files/57366.jpg?crop=center&height=1024&v=1722957433&width=1024,2865                  
ATITUDE AT7216-R02,ATITUDE,AT7216-R02,https://images.tcdn.com.br/img/img_prod/1365112/180_atitude_at7216_c02_1195_1_af8a3a85871f6658fa379da309d3f929.jpg,2400                  
ATITUDE AT7216-R03,ATITUDE,AT7216-R03,https://www.safira.com.br/cdn/imagens/produtos/det/armacao-feminina-atitude-at7216-r02-cdd82821ce38a72b061af0c3da24650b.jpg,2399                  
ATITUDE AT7217-A01,ATITUDE,AT7217-A01,https://www.safira.com.br/cdn/imagens/produtos/det/armacao-feminina-atitude-at7216-r02-cdd82821ce38a72b061af0c3da24650b.jpg,2815                  
ATITUDE AT7217-C01,ATITUDE,AT7217-C01,https://encrypted-tbn0.gstatic.com/images?q=tbn:ANd9GcQRYlG5iDfAUebeOZuoOtGxSSRByPIwuMnztg&s,2821                  
ATITUDE AT7217-G02,ATITUDE,AT7217-G02,https://oculosshop.com.br/cdn/shop/files/100992.jpg?crop=center&height=1024&v=1726860486&width=1024,2757                  
ATITUDE AT7218-A01,ATITUDE,AT7218-A01,https://oculosshop.com.br/cdn/shop/files/100993.jpg?crop=center&height=1024&v=1726860580&width=1024,2818                  
ATITUDE AT7218-C02,ATITUDE,AT7218-C02,https://oculosshop.com.br/cdn/shop/files/100994.jpg?crop=center&height=1024&v=1726860768&width=1024,2816                  
ATITUDE AT7218-G02,ATITUDE,AT7218-G02,https://http2.mlstatic.com/D_NQ_NP_634416-MLA96882265591_102025-O.webp,2808                  
ATITUDE AT7221-C02,ATITUDE,AT7221-C02,https://oculosshop.com.br/cdn/shop/files/102884_1_grande.jpg?v=1744043014,2823                  
ATITUDE AT7221-D02,ATITUDE,AT7221-D02,https://static.zattini.com.br/produtos/armacao-de-oculos-atitude-at7221-d02-azul-translucido/08/EGE-1414-008/EGE-1414-008_zoom1.jpg?ts=1724424440,2755                  
ATITUDE AT7221-G02,ATITUDE,AT7221-G02,https://static.zattini.com.br/produtos/armacao-de-oculos-atitude-at7221-d02-azul-translucido/08/EGE-1414-008/EGE-1414-008_zoom1.jpg?ts=1724424440,2756                  
ATITUDE AT7221-H02,ATITUDE,AT7221-H02,https://static.zattini.com.br/produtos/armacao-de-oculos-atitude-at7221-d02-azul-translucido/08/EGE-1414-008/EGE-1414-008_zoom1.jpg?ts=1724424440,2855                  
ATITUDE AT7222-C02,ATITUDE,AT7222-C02,https://oculosshop.com.br/cdn/shop/files/100997-1_1.jpg?v=1726861512&width=2000,2752                  
ATITUDE AT7222-G02,ATITUDE,AT7222-G02,https://images.tcdn.com.br/img/img_prod/1390546/180_armacao_oculos_de_grau_feminino_atitude_at7223_g02_54_marrom_cristal_dourado_2187_1_6b3d03f5786ac24b469e3efa889c4df9.jpg,2754                  
ATITUDE AT7222-R02,ATITUDE,AT7222-R02,https://images.tcdn.com.br/img/img_prod/1365112/atitude_at7222_g02_2787_1_782d594552fc027e1b497c91dfbe59dc.jpg,2758                  
ATITUDE AT7223-G02,ATITUDE,AT7223-G02,https://images.tcdn.com.br/img/img_prod/1365112/atitude_at7222_r02_2789_1_54dfb3e4b2d6f591d018de98ab9cc475.jpg,2858                  
ATITUDE AT7223-H02,ATITUDE,AT7223-H02,https://images.tcdn.com.br/img/img_prod/1365112/atitude_at7223_g02_2793_1_89cde1931c159de9763bebff81798593.jpg,2753                  
ATITUDE AT7224-G02,ATITUDE,AT7224-G02,https://oculosshop.com.br/cdn/shop/files/100997.jpg?crop=center&height=1024&v=1726861512&width=1024,2738                  
ATITUDE AT7224-H02,ATITUDE,AT7224-H02,https://oculosshop.com.br/cdn/shop/files/102885_1.jpg?crop=center&height=1024&v=1744396797&width=1024,2735                  
ATITUDE AT7224-K02,ATITUDE,AT7224-K02,https://oculosshop.com.br/cdn/shop/files/100999_1.jpg?crop=center&height=1024&v=1726861740&width=1024,2790                  
ATITUDE AT7227M-H12,ATITUDE,AT7227M-H12,https://loja.oticaademar.com.br/image/cache/catalog/Produtos//50977%20-%20Armacao%20Atitude%20AT7185M%20A01%2056-18%2001-800x800.jpg,2792                  
ATITUDE AT7228-K12,ATITUDE,AT7228-K12,https://www.oticavisaoweb.com.br/pub/media/catalog/product/cache/0ee050c3ffc3555709b9bb6062f4d7e9/s/e/sem_t_tulo-1_10.png,2826                  
ATITUDE AT7230-K12,ATITUDE,AT7230-K12,https://oculosshop.com.br/cdn/shop/files/100992.jpg?v=1726860486,2767                  
ATITUDE AT7230-R12,ATITUDE,AT7230-R12,https://encrypted-tbn0.gstatic.com/images?q=tbn:ANd9GcSKHIE0dInX2WMp_oFTq8YjfKUP555M8wNx4w&s,2766                  
ATITUDE AT7231-K12,ATITUDE,AT7231-K12,https://http2.mlstatic.com/D_NQ_NP_819365-MLB87664078610_072025-O.webp,2739                  
ATITUDE AT7231-R12,ATITUDE,AT7231-R12,https://images.tcdn.com.br/img/img_prod/1365112/180_atitude_at7234_k12_2825_1_358ac883addea8ca6e2eeb7adf4cb752.jpg,2740                  
ATITUDE AT7234-D02,ATITUDE,AT7234-D02,https://imgs.casasbahia.com.br/1578651702/1xg.jpg?imwidth=1000,2852                  
ATITUDE AT7234-K12,ATITUDE,AT7234-K12,https://imgs.casasbahia.com.br/1570741597/1xg.jpg,2856                  
ATITUDE AT7252-A11,ATITUDE,AT7252-A11,https://encrypted-tbn0.gstatic.com/images?q=tbn:ANd9GcRvfe2TY9zVvq9Tebhuu555wkmNcA_0S6izCA&s,2734                  
ATITUDE AT7252-T01,ATITUDE,AT7252-T01,https://encrypted-tbn0.gstatic.com/images?q=tbn:ANd9GcQc5nolKtA2SHSGb93WdxqHKKKuU1NJKF9IKg&s,2771                  
ATITUDE AT8196M-A11,ATITUDE,AT8196M-A11,https://images.tcdn.com.br/img/img_prod/1365112/atitude_at7227m_h12_2807_1_d63264c12af839d46cb1f22f1e0514f6.jpg,2807                  
ATITUDE AT8197M-D11,ATITUDE,AT8197M-D11,https://imgmarketplace.lojasrenner.com.br/20001/3200/7010703878125/7510707778998/0.jpeg,2763                  
ATITUDE AT8199M-E13,ATITUDE,AT8199M-E13,https://images.tcdn.com.br/img/img_prod/877056/180_oculos_de_sol_original_atitude_em_acetato_masculino_at8186m_15905_2_f699bbee6380e88f8b60f383bd935591.jpg,2769                  
ATITUDE AT8202M-E12,ATITUDE,AT8202M-E12,https://oculosshop.com.br/cdn/shop/files/AT8199ME13.png?v=1761593500&width=1080,2768                  
ATITUDE AT8240-A11,ATITUDE,AT8240-A11,https://encrypted-tbn0.gstatic.com/images?q=tbn:ANd9GcQc5nolKtA2SHSGb93WdxqHKKKuU1NJKF9IKg&s,2762                  
ATITUDE AT8240-H11,ATITUDE,AT8240-H11,https://imgmarketplace.lojasrenner.com.br/20001/1427/7010706125064/7510713209210/0.jpeg,2730                  
ATITUDE ATK4005-L01,ATITUDE,ATK4005-L01,https://imgmarketplace.lojasrenner.com.br/20001/1427/7010705517403/7510711793003/0.jpeg,2244                  
ATITUDE ATK4006-L01,ATITUDE,ATK4006-L01,https://d5gag3xtge2og.cloudfront.net/producao/34175001/G/1.png,2783                  
ATITUDE ATK4007-K01,ATITUDE,ATK4007-K01,https://images.tcdn.com.br/img/img_prod/1269258/armacao_oculos_atitude_4006_l01_651_1_2077fa6f8b81ad9ed6c2c9b9c26b999c.jpg,2829                  
ATITUDE ATK4007-L01,ATITUDE,ATK4007-L01,https://loja.oticaademar.com.br/image/cache/catalog/Produtos//51480%20-%20Armacao%20Atitude%20ATK4007%20K01%2049-17%2001-800x800.jpg,2796                  
ATITUDE ATK4008-A01,ATITUDE,ATK4008-A01,https://a-static.mlcdn.com.br/%7Bw%7Dx%7Bh%7D/oculos-armacao-atitude-atk4007-k01-feminino-infantil-rosa/bluemacaw/atk4007k01/7e20bc32a4abdc49a233689537166847.jpeg,2243                  
ATITUDE ATK4008-K01,ATITUDE,ATK4008-K01,https://images.tcdn.com.br/img/img_prod/1365112/atitude_atk4008_a01_2861_1_4604d5093ea050e9721ada4c02c28d0f.jpg,2242                  
ATITUDE ATK4008-L01,ATITUDE,ATK4008-L01,https://loja.oticaademar.com.br/image/cache/catalog/Produtos//51482%20-%20Armacao%20Atitude%20ATK4008%20K01%2050-15%2001-800x800.jpg,2241                  
ATITUDE ATK6036-D02,ATITUDE,ATK6036-D02,https://loja.oticaademar.com.br/image/cache/catalog/Produtos//51483%20-%20Armacao%20Atitude%20ATK4008%20L01%2050-15%2001-800x800.jpg,2532                  
ATITUDE ATK6040-K02,ATITUDE,ATK6040-K02,https://encrypted-tbn0.gstatic.com/images?q=tbn:ANd9GcQX8g0Nc98nWBluy9uHrt-PmpOeSofdTf9dSw&s,2747                  
ATITUDE ATK6040-L02,ATITUDE,ATK6040-L02,https://http2.mlstatic.com/D_NQ_NP_979164-MLB82792548446_032025-O.webp,2935                  
ATITUDE ATK6041-K02,ATITUDE,ATK6041-K02,https://images.tcdn.com.br/img/img_prod/877056/oculos_de_grau_original_atitude_em_acetato_feminino_atk6040_14967_1_b19d631b351999ed2e0a7532f2eae169.jpg,2750                  
ATITUDE ATK6041-L02,ATITUDE,ATK6041-L02,https://http2.mlstatic.com/D_Q_NP_862246-MLA95651739233_102025-O.webp,2784                  
ATITUDE ATK6042-D02,ATITUDE,ATK6042-D02,https://images.tcdn.com.br/img/img_prod/877056/oculos_de_grau_original_atitude_infantil_em_acetato_feminino_atk6041_14973_variacao_20247_1_a078dcf8b54b218bcb57c382fc3d8f70.jpg,2782                  
ATITUDE ATK6042-H02,ATITUDE,ATK6042-H02,https://images.tcdn.com.br/img/img_prod/877056/oculos_de_grau_original_atitude_em_acetato_unissex_atk6042_15721_1_e280b508d41335797c1a1faa8aa49ec0.jpg,2797                  
ATITUDE ATK6042-H03,ATITUDE,ATK6042-H03,https://images.tcdn.com.br/img/img_prod/877056/180_oculos_de_grau_original_atitude_em_acetato_unissex_atk6036_17311_1_f954b6e1525f8b06bed67a48f8c0863c.jpg,2781                  
ATITUDE ATK6043-H02,ATITUDE,ATK6043-H02,https://images.tcdn.com.br/img/img_prod/877056/180_oculos_de_grau_original_atitude_em_acetato_unissex_atk6036_17311_1_f954b6e1525f8b06bed67a48f8c0863c.jpg,2765                  
ATITUDE ATK6044-L02,ATITUDE,ATK6044-L02,https://images.tcdn.com.br/img/img_prod/877056/oculos_de_grau_original_atitude_infantil_em_acetato_feminino_atk6043_15741_variacao_20245_2_8f824eb27c43b349f5aed1350a884c61.jpg,2795                  
ATITUDE ATK7000-A01,ATITUDE,ATK7000-A01,https://dcdn-us.mitiendanube.com/stores/293/334/products/20250929_155407-a996e63e8d835682a117628735449263-480-0.jpg,1899                  
ATITUDE ATK7002-D01,ATITUDE,ATK7002-D01,https://encrypted-tbn0.gstatic.com/images?q=tbn:ANd9GcSskztcV1VNpLzl7rNsFeeCP4M7P_kTgPOC6A&s,1769                  
ATITUDE ATK7013-G02,ATITUDE,ATK7013-G02,https://oticasdiniz.vtexassets.com/arquivos/ids/530988/1548539.jpg?v=638108491915830000,2775                  
ATITUDE ATK7013-K01,ATITUDE,ATK7013-K01,https://images.tcdn.com.br/img/img_prod/1390546/90_armacao_oculos_de_grau_infantil_atitude_atk7013_r01_50_roxo_2713_1_af8933a7f2732850e58bcd809bbd0032.jpg,2793                  
ATITUDE ATK7014-G02,ATITUDE,ATK7014-G02,https://http2.mlstatic.com/D_NQ_NP_970337-MLB82793067254_032025-O.webp,2777                  
BULGET BG1691M-02A,BULGET,BG1691M-02A,https://www.safira.com.br/cdn/imagens/produtos/det/oculos-de-grau-bulget-bg1691m-02a-14cd071976a90210885e9c53cc9a418a.jpg,2506                  
BULGET BG1716M-06B,BULGET,BG1716M-06B,https://oculosshop.com.br/cdn/shop/files/57379.jpg?crop=center&height=1024&v=1725998167&width=1024,2419                  
BULGET BG1716M-06B,BULGET,BG1716M-06B,https://oculosshop.com.br/cdn/shop/files/57379.jpg?crop=center&height=1024&v=1725998167&width=1024,1111
BULGET BG1719M-02B,BULGET,BG1719M-02B,https://sicredi.vtexassets.com/arquivos/ids/6894283/17081146651561.jpg?v=638443123181100000,2925                  
BULGET BG1719M-02B,BULGET,BG1719M-02B,https://sicredi.vtexassets.com/arquivos/ids/6894283/17081146651561.jpg?v=638443123181100000,1111
BULGET BG1719M-03B,BULGET,BG1719M-03B,https://images.tcdn.com.br/img/img_prod/877056/oculos_de_grau_bulget_feminino_bg1719m_14205_1_788a0d8540ecc589e5762a18fab8b539.jpg,2929                  
BULGET BG1719M-03B,BULGET,BG1719M-03B,https://http2.mlstatic.com/D_NQ_NP_741527-MLA99502433630_112025-O.webp,1111
BULGET BG1729M- 09B,BULGET,BG1729M- 09B,https://americanas.vtexassets.com/arquivos/ids/19827016/7513983595_1_xlarge.jpg?v=638754993075600000,2424                  
BULGET BG1729M- 09B,BULGET,BG1729M- 09B,https://imgs.casasbahia.com.br/1575971213/1xg.jpg?imwidth=500,1111
BULGET BG1734M-02B,BULGET,BG1734M-02B,https://a-static.mlcdn.com.br/%7Bw%7Dx%7Bh%7D/armacao-bulget-bg1734m-02b/oticavisaoweb/25425/be5276f8803406aff90c6ae26056a150.jpeg,2912                  
BULGET BG1734M-02B,BULGET,BG1734M-02B,https://imgs.pontofrio.com.br/1579731447/1xg.jpg?imwidth=1000,1111
BULGET BG1734M-09B,BULGET,BG1734M-09B,https://www.oticavisaoweb.com.br/pub/media/catalog/product/cache/0ee050c3ffc3555709b9bb6062f4d7e9/p/r/prancheta_1_838.jpg,2923                  
BULGET BG1734M-09B,BULGET,BG1734M-09B,https://www.oticavisaoweb.com.br/pub/media/catalog/product/cache/0ee050c3ffc3555709b9bb6062f4d7e9/p/r/prancheta_1_838.jpg,1111
BULGET BG1735M-09B,BULGET,BG1735M-09B,https://www.oticavisaoweb.com.br/pub/media/catalog/product/cache/0ee050c3ffc3555709b9bb6062f4d7e9/p/r/prancheta_1_837_1.jpg,2921                  
BULGET BG1735M-09B,BULGET,BG1735M-09B,https://www.oticavisaoweb.com.br/pub/media/catalog/product/cache/0ee050c3ffc3555709b9bb6062f4d7e9/p/r/prancheta_1_837_1.jpg,1111
BULGET BG1736M-02B,BULGET,BG1736M-02B,https://carrefourbr.vtexassets.com/arquivos/ids/190992792/image-1.jpg?v=638815446315530000,2931                  
BULGET BG1736M-02B,BULGET,BG1736M-02B,https://imgs.casasbahia.com.br/1579849767/1xg.jpg?imwidth=1000,1111
BULGET BG1736M-06B,BULGET,BG1736M-06B,https://marketplace.bancointer.com.br/ecommerce/images/platform/0bc930e4f0f15032156f5c108d30311b.png,2872                  
BULGET BG1736M-06B,BULGET,BG1736M-06B,https://a-static.mlcdn.com.br/%7Bw%7Dx%7Bh%7D/armacao-bulget-bg1736m-06b/olistplus/o2e1o4ufsvhxu9rb/e71458dba9aec61dbdafa706015b4013.jpeg,1111
BULGET BG1736M-09B,BULGET,BG1736M-09B,https://www.oticavisaoweb.com.br/pub/media/catalog/product/cache/0ee050c3ffc3555709b9bb6062f4d7e9/p/r/prancheta_1_836.jpg,2928                  
BULGET BG1736M-09B,BULGET,BG1736M-09B,https://www.oticavisaoweb.com.br/pub/media/catalog/product/cache/0ee050c3ffc3555709b9bb6062f4d7e9/p/r/prancheta_1_836.jpg,1111
BULGET BG1737M-01B,BULGET,BG1737M-01B,https://www.oticabrizzon.com.br//uploads/pr/bulget-bg1735m-01b--543-4252-1.jpg,2927                  
BULGET BG1737M-01B,BULGET,BG1737M-01B,https://www.oticavisaoweb.com.br/pub/media/catalog/product/cache/0ee050c3ffc3555709b9bb6062f4d7e9/p/r/prancheta_1_835.jpg,1111
BULGET BG1737M-02B,BULGET,BG1737M-02B,https://www.oticavisaoweb.com.br/pub/media/catalog/product/cache/0ee050c3ffc3555709b9bb6062f4d7e9/p/r/prancheta_1_835.jpg,2917                  
BULGET BG1737M-02B,BULGET,BG1737M-02B,https://www.oticavisaoweb.com.br/pub/media/catalog/product/cache/0ee050c3ffc3555709b9bb6062f4d7e9/p/r/prancheta_1_835.jpg,1111
BULGET BG1737M-09B,BULGET,BG1737M-09B,https://static.dafiti.com.br/p/Bulget-Armacao-Bulget-Bg1737M-09B-0538-66509541-1-zoom.jpg,2922                  
BULGET BG1737M-09B,BULGET,BG1737M-09B,https://static.dafiti.com.br/p/Bulget-Armacao-Bulget-Bg1737M-09B-0538-66509541-1-zoom.jpg,1111
BULGET BG1740T-04B,BULGET,BG1740T-04B,https://oculosshop.com.br/cdn/shop/files/103931-1.jpg?v=1753115136&width=1000,2890                  
BULGET BG1740T-04B,BULGET,BG1740T-04B,https://oculosshop.com.br/cdn/shop/files/103931-1.jpg?v=1753115136&width=1000,1111
BULGET BG1741T-04B,BULGET,BG1741T-04B,https://oculosshop.com.br/cdn/shop/files/103932_1.jpg?v=1753115245,2891                  
BULGET BG1741T-04B,BULGET,BG1741T-04B,https://encrypted-tbn0.gstatic.com/images?q=tbn:ANd9GcRRDDjATgpVxYRutmyWiWVy_4PK3LeOYy5TCA&s,1111
BULGET BG1743MT-02B,BULGET,BG1743MT-02B,https://images.tcdn.com.br/img/img_prod/1390546/180_armacao_oculos_de_grau_bulget_bg1743mt_04b_53_masculino_dourado_claro_azul_1919_1_41fa43ccda1efd00f34c5a63688f49ba.jpg,2894                  
BULGET BG1743MT-02B,BULGET,BG1743MT-02B,https://images.tcdn.com.br/img/img_prod/1390546/180_armacao_oculos_de_grau_bulget_bg1743mt_04b_53_masculino_dourado_claro_azul_1919_1_41fa43ccda1efd00f34c5a63688f49ba.jpg,1111
BULGET BG1743MT-03B,BULGET,BG1743MT-03B,https://www.safira.com.br/cdn/imagens/produtos/det/armacao-masculino-bulget-ae4bc93e4a0a4f3d9307f2ebdf729e76.jpg,2886                  
BULGET BG1743MT-03B,BULGET,BG1743MT-03B,https://images.tcdn.com.br/img/img_prod/1390546/180_armacao_oculos_de_grau_bulget_bg1743mt_04b_53_masculino_dourado_claro_azul_1919_1_41fa43ccda1efd00f34c5a63688f49ba.jpg,1111
BULGET BG1743MT-04B,BULGET,BG1743MT-04B,https://http2.mlstatic.com/D_NQ_NP_674325-MLB90661664389_082025-O.webp,2887                  
BULGET BG1743MT-04B,BULGET,BG1743MT-04B,https://images.tcdn.com.br/img/img_prod/1390546/180_armacao_oculos_de_grau_bulget_bg1743mt_04b_53_masculino_dourado_claro_azul_1919_1_41fa43ccda1efd00f34c5a63688f49ba.jpg,1111
BULGET BG2065MT-06A,BULGET,BG2065MT-06A,https://oticasdiniz.vtexassets.com/arquivos/ids/548748/1597808.jpg?v=638233740699400000,2429                  
BULGET BG2065MT-06A,BULGET,BG2065MT-06A,https://oticasdiniz.vtexassets.com/arquivos/ids/548748/1597808.jpg?v=638233740699400000,1111
BULGET BG2065MT-09A,BULGET,BG2065MT-09A,https://oticasdiniz.vtexassets.com/arquivos/ids/541143/1597809.jpg?v=638116004625270000,2430                  
BULGET BG2065MT-09A,BULGET,BG2065MT-09A,https://oticasdiniz.vtexassets.com/arquivos/ids/541143/1597809.jpg?v=638116004625270000,1111
BULGET BG2110M-09B,BULGET,BG2110M-09B,https://www.safira.com.br/cdn/imagens/produtos/det/armacao-masculina-bulget-bg2110m-09b-2ba75ca14613753f7cc7437d885aa2d7.jpg,2881                  
BULGET BG2110M-09B,BULGET,BG2110M-09B,https://acdn-us.mitiendanube.com/stores/001/327/083/products/bg-2110m-09b-c7142a1737d18d533417169297196043-480-0.webp,1111
BULGET BG2128M-02B,BULGET,BG2128M-02B,https://loja.oticaademar.com.br/image/cache/catalog/Produtos/58711%20-%20Armacao%20Bulget%20BG2128M%2002B%2056-18%2001-800x800.jpg,2882                  
BULGET BG2128M-02B,BULGET,BG2128M-02B,https://oticasdiniz.vtexassets.com/arquivos/ids/646634/bg2134m-02b-1.jpg?v=638961275818800000,1111
BULGET BG2128M-06B,BULGET,BG2128M-06B,https://loja.oticaademar.com.br/image/cache/catalog/Produtos/58710%20-%20Armacao%20Bulget%20BG2128M%2001B%2056-18%2001-350x350.jpg,2883                  
BULGET BG2128M-06B,BULGET,BG2128M-06B,https://loja.oticaademar.com.br/image/cache/catalog/Produtos/58710%20-%20Armacao%20Bulget%20BG2128M%2001B%2056-18%2001-350x350.jpg,1111
BULGET BG2130M-02A,BULGET,BG2130M-02A,https://d5gag3xtge2og.cloudfront.net/producao/35415737/M/bulget-bg2130m-02b-56-19-148.webp,2874                  
BULGET BG2130M-02A,BULGET,BG2130M-02A,https://d5gag3xtge2og.cloudfront.net/producao/35415737/M/bulget-bg2130m-02b-56-19-148.webp,1111
BULGET BG2132M-09B,BULGET,BG2132M-09B,https://encrypted-tbn0.gstatic.com/images?q=tbn:ANd9GcQLmUhcfLHT4MRF3hn2mydjxQqh8FI3Fz5Ewg&s,2873                  
BULGET BG2132M-09B,BULGET,BG2132M-09B,https://a-static.mlcdn.com.br/%7Bw%7Dx%7Bh%7D/armacao-de-oculos-bulget-bg2132m-09b-preto-fosco/oticawebmey2/bg2132m-09b-v/1a8eb593a620ceccb1dbe96581af8008.jpeg,1111
BULGET BG2134M-02B,BULGET,BG2134M-02B,https://oticasdiniz.vtexassets.com/arquivos/ids/646634/bg2134m-02b-1.jpg?v=638961275818800000,2911                  
BULGET BG2134M-02B,BULGET,BG2134M-02B,https://oticasdiniz.vtexassets.com/arquivos/ids/646634/bg2134m-02b-1.jpg?v=638961275818800000,1111
BULGET BG2135M-02B,BULGET,BG2135M-02B,https://oticasdiniz.vtexassets.com/arquivos/ids/646770/bg2135m-02b-1.jpg?v=638962327625600000,2920                  
BULGET BG2135M-02B,BULGET,BG2135M-02B,https://oticasdiniz.vtexassets.com/arquivos/ids/646770/bg2135m-02b-1.jpg?v=638962327625600000,1111
BULGET BG2135M-09B,BULGET,BG2135M-09B,https://loja.oticaademar.com.br/image/cache/catalog/Produtos/58717%20-%20Armacao%20Bulget%20BG2135M%2009B%2059-17%2001-800x800.jpg,2924                  
BULGET BG2135M-09B,BULGET,BG2135M-09B,https://oticasdiniz.vtexassets.com/arquivos/ids/646675/bg2135m-09b-1.jpg?v=638961371923030000,1111
BULGET BG2143M-09B,BULGET,BG2143M-09B,https://a-static.mlcdn.com.br/%7Bw%7Dx%7Bh%7D/armacao-bulget-bg2143m-09b/olistplus/o2ejyge2mjmgfox6/8c1536e1d7b877448becb7abca26ac92.jpeg,2918                  
BULGET BG2143M-09B,BULGET,BG2143M-09B,https://imgs.casasbahia.com.br/1579765625/1xg.jpg?imwidth=1000,1111
BULGET BG2148M-02B,BULGET,BG2148M-02B,https://www.safira.com.br/cdn/imagens/produtos/det/armacao-masculina-bulget-bg2148m-06b--a66426c6415a3fdf35c74622e4225bb9.jpg,2901                  
BULGET BG2148M-02B,BULGET,BG2148M-02B,https://www.safira.com.br/cdn/imagens/produtos/det/armacao-masculina-bulget-bg2148m-06b--a66426c6415a3fdf35c74622e4225bb9.jpg,1111
BULGET BG2148M-06B,BULGET,BG2148M-06B,https://www.safira.com.br/cdn/imagens/produtos/det/armacao-masculina-bulget-bg2148m-06b--a66426c6415a3fdf35c74622e4225bb9.jpg,2904                  
BULGET BG2148M-09B,BULGET,BG2148M-09B,https://imgs.casasbahia.com.br/1575710145/1xg.jpg,2902                  
BULGET BG2149M-02B,BULGET,BG2149M-02B,https://loja.oticaademar.com.br/image/cache/catalog/Produtos/58722%20-%20Armacao%20Bulget%20BG2149M%2002B%2058-21%2004-800x800.jpg,2869                  
BULGET BG2149M-06B,BULGET,BG2149M-06B,https://loja.oticaademar.com.br/image/cache/catalog/Produtos/58722%20-%20Armacao%20Bulget%20BG2149M%2002B%2058-21%2001-350x350.jpg,2870                  
BULGET BG2151M-04A,BULGET,BG2151M-04A,https://encrypted-tbn0.gstatic.com/images?q=tbn:ANd9GcSHJJsPfMSMMSCXt9jYV6zrqS0llZOCfVlYuw&s,2871                  
BULGET BG2156M-04A,BULGET,BG2156M-04A,https://images.tcdn.com.br/img/img_prod/877056/180_oculos_de_grau_original_bulget_feminino_bg2156m_18479_2_004788bd41062246952cc7c97f6aee73.jpg,2582                  
BULGET BG2156M-04B,BULGET,BG2156M-04B,https://oticasdiniz.vtexassets.com/arquivos/ids/646712/bg2156m-04b-1.jpg?v=638961686459600000,2583                  
BULGET BG4064N-A01,BULGET,BG4064N-A01,https://images.tcdn.com.br/img/img_prod/637904/oculos_de_grau_bulget_bg4064n_55_17_a01_12819_1_d117fc683759e2eac39a32fccf7b2d7a.jpg,2586                  
BULGET BG6198N-A01,BULGET,BG6198N-A01,https://oticasdiniz.vtexassets.com/arquivos/ids/526405/1597831.jpg?v=638107216558200000,1660                  
BULGET BG6396N-A01,BULGET,BG6396N-A01,https://www.safira.com.br/cdn/imagens/produtos/det/oculos-de-grau-feminino-bulget-bg6396n-a01-08a35e0b27506a7af16318accea5a2f6.jpg,2122                  
BULGET BG6403M-A02,BULGET,BG6403M-A02,https://oticasdiniz.vtexassets.com/arquivos/ids/613572-800-auto?v=638647038987670000&width=800&height=auto&aspect=true,2452                  
BULGET BG6421M-A03,BULGET,BG6421M-A03,https://www.safira.com.br/cdn/imagens/produtos/det/oculos-de-grau-masculino-bulget-retangular-bg6421m-a03-40ee7a2d54043d0d589af2741fbacc73.jpg,2458                  
BULGET BG6422M-E01,BULGET,BG6422M-E01,https://encrypted-tbn0.gstatic.com/images?q=tbn:ANd9GcTpgPryrloEfwTEhz-2wOFfAubjXUYRJMIUIw&s,2165                  
BULGET BG6426M-G02,BULGET,BG6426M-G02,https://www.oticabrizzon.com.br//uploads/pr/bulget-bg6426m-g02--572-af55-1.jpg,2597                  
BULGET BG6426M-H02,BULGET,BG6426M-H02,https://images.tcdn.com.br/img/img_prod/877056/180_oculos_de_grau_original_bulget_em_acetato_unissex_bg7186m_16221_1_d6f6680d2f447c6b7b3b6f9954361e04.jpg,2598                  
BULGET BG6427M-A01,BULGET,BG6427M-A01,https://encrypted-tbn0.gstatic.com/images?q=tbn:ANd9GcTZaRI1iRr6TGlevQg_z8bCuVsSv_nprIF0oQ&s,2599                  
BULGET BG6427M-H01,BULGET,BG6427M-H01,https://images.tcdn.com.br/img/img_prod/877056/180_oculos_de_grau_original_bulget_em_acetato_unissex_bg7186m_16221_1_d6f6680d2f447c6b7b3b6f9954361e04.jpg,2600                  
BULGET BG6437M-A11,BULGET,BG6437M-A11,https://http2.mlstatic.com/D_NQ_NP_787662-MLB86040532549_062025-O.webp,2613                  
BULGET BG6438M-A11,BULGET,BG6438M-A11,https://oticasdiniz.vtexassets.com/arquivos/ids/646623/bg6438m-a11-1.jpg?v=638961230928600000,2615                  
BULGET BG6438M-D11,BULGET,BG6438M-D11,https://http2.mlstatic.com/D_NQ_NP_810529-MLB85729553548_062025-O-armaco-de-oculos-bulget-bg6438m-d11-azul-fosco.webp,2616                  
BULGET BG6438M-E11,BULGET,BG6438M-E11,https://http2.mlstatic.com/D_NQ_NP_982733-MLB85729420736_062025-O.webp,2617                  
BULGET BG7213I-G01,BULGET,BG7213I-G01,https://loja.oticaademar.com.br/image/cache/catalog/Produtos/60662%20-%20Armacao%20Bulget%20BG7213I%20G01%2054-17%2001-800x800.jpg,2630                  
BULGET BG8072M-02B,BULGET,BG8072M-02B,https://http2.mlstatic.com/D_NQ_NP_621946-MLA82427137529_022025-O.webp,2489                  
BULGET BG8072M-09C,BULGET,BG8072M-09C,https://loja.oticaademar.com.br/image/cache/catalog/Produtos//52398%20-%20Oculos%20de%20Sol%20Bulget%20BG8072M%2009C%2061-14%2001-800x800.jpg,2490                  
BULGET BG8073M-D11,BULGET,BG8073M-D11,https://static.zattini.com.br/produtos/oculos-solar-bulget-bg8073m-a11-fosco-lente-cinza-polarizada/06/EGF-0810-006/EGF-0810-006_zoom1.jpg?ts=1710349548,2491                  
BULGET BG8096M-H02P,BULGET,BG8096M-H02P,https://imgmarketplace.lojasrenner.com.br/20001/3200/7010704665438/7510709659727/0.jpeg,2571                  
BULGET BG8102M-02CP,BULGET,BG8102M-02CP,https://www.safira.com.br/cdn/imagens/produtos/det/oculos-de-sol-masculino-bulget-bg8102m-02cp-011cd12bc771e3e0a67b9a02d9e636c5.jpg,2574                  
BULGET BG9162M-D01,BULGET,BG9162M-D01,https://images.tcdn.com.br/img/img_prod/877056/oculos_de_sol_bulget_masculino_bg9162m_11527_1_81a4aa507da57514f98ba6c5b7636620.jpg,2487                  
BULGET BG9181M-D21P,BULGET,BG9181M-D21P,https://a-static.mlcdn.com.br/%7Bw%7Dx%7Bh%7D/oculos-solar-bulget-bg9181m-d21p/oliststore/mgluhcj64fzq0nn9/01062dcd8547bc7f8a6e31e536f2e148.jpeg,2485                  
FERRATI FE1078T-02C,FERRATI,FE1078T-02C,https://encrypted-tbn0.gstatic.com/images?q=tbn:ANd9GcRIEGrmV2vmePEf13NLGiQk-jhRChc4diUn2Q&s,2644                  
HICKMANN AH LIVIA 2 09A,HICKMANN,AH LIVIA 2 09A,https://encrypted-tbn0.gstatic.com/images?q=tbn:ANd9GcR5WoIDSL478RKrL8FS8rVdw4TbMyXY94dtqw&s,2543                  
HICKMANN AH LIVIA 3 05A,HICKMANN,AH LIVIA 3 05A,https://encrypted-tbn0.gstatic.com/images?q=tbn:ANd9GcQP_pg13hC8pDFld5UyORL7WCej0R3Q4txIdQ&s,2544                  
HICKMANN HI ACACIA 5 K02,HICKMANN,HI ACACIA 5 K02,https://loja.oticaademar.com.br/image/cache/catalog/Produtos/58815%20-%20Armacao%20Hickmann%20ACACIA%205%20K02%2053-17%2001-800x800.jpg,2700                  
HICKMANN HI ACACIA 6 C02,HICKMANN,HI ACACIA 6 C02,https://loja.oticaademar.com.br/image/cache/catalog/Produtos/58816%20-%20Armacao%20Hickmann%20ACACIA%206%20H02%2053-18%2001-800x800.jpg,2702                  
HICKMANN HI ACACIA 6 H02,HICKMANN,HI ACACIA 6 H02,https://encrypted-tbn0.gstatic.com/images?q=tbn:ANd9GcTpYbPbu-phtcnh9Ygsye4pVBeuS5PNj_Q57w&s,2701                  
HICKMANN HI ACACIA 6 J02,HICKMANN,HI ACACIA 6 J02,https://encrypted-tbn0.gstatic.com/images?q=tbn:ANd9GcQ9ZnqLt0PCmIhOODkb5MQep7-UFo_5Wj7reg&s,2699                  
HICKMANN HI AZALEIA 2 06A,HICKMANN,HI AZALEIA 2 06A,https://goeyewear.com.br/wp-content/uploads/2025/04/AZALEIA-2-06A.png,2703                  
HICKMANN HI BROMELIA 1 G03,HICKMANN,HI BROMELIA 1 G03,https://oculosshop.com.br/cdn/shop/files/103470-1.jpg?v=1746804909&width=1000,2651                  
HICKMANN HI BROMELIA 1 H02,HICKMANN,HI BROMELIA 1 H02,https://hickmanneyewear.com.br/wp-content/uploads/2025/06/BROMELIA-1-H02.png,2652                  
HICKMANN HI BROMELIA 1 K02,HICKMANN,HI BROMELIA 1 K02,https://cdn.awsli.com.br/2500x2500/1650/1650992/produto/371847912/bromelia-1-k02-52-0onfa7i32p.png,2653                  
HICKMANN HI BROMELIA 2 G02,HICKMANN,HI BROMELIA 2 G02,https://http2.mlstatic.com/D_NQ_NP_920950-MLB81225177296_122024-O.webp,2654                  
HICKMANN HI BROMELIA 2 G03,HICKMANN,HI BROMELIA 2 G03,https://http2.mlstatic.com/D_NQ_NP_920950-MLB81225177296_122024-O.webp,2655                  
HICKMANN HI CAMELIA 3 C03,HICKMANN,HI CAMELIA 3 C03,https://oculosshop.com.br/cdn/shop/files/103938_1.jpg?v=1753117509,2656                  
HICKMANN HI CAMELIA 3 G03,HICKMANN,HI CAMELIA 3 G03,https://oculosshop.com.br/cdn/shop/files/103938_1.jpg?v=1753117509,2657                  
HICKMANN HI CAMELIA 4 C03,HICKMANN,HI CAMELIA 4 C03,https://encrypted-tbn0.gstatic.com/images?q=tbn:ANd9GcSkZVwLyLTmRVOHhB8hvE4tZH-VFdqmef4fCQ&s,2658                  
HICKMANN HI CAMELIA 4 G03,HICKMANN,HI CAMELIA 4 G03,https://oculosshop.com.br/cdn/shop/files/103939.jpg?v=1753117668,2659                  
HICKMANN HI CAMELIA 4 H03,HICKMANN,HI CAMELIA 4 H03,https://oculosshop.com.br/cdn/shop/files/103939-1_1.jpg?v=1753117668&width=1000,2660                  
HICKMANN HI LAVANDA 3 05A,HICKMANN,HI LAVANDA 3 05A,https://loja.oticaademar.com.br/image/cache/catalog/Produtos/58848%20-%20Armacao%20Hickmann%20LAVANDA%203%2005A%2053-17%2002-800x800.jpg,2696                  
HICKMANN HI LAVANDA 4 04A,HICKMANN,HI LAVANDA 4 04A,https://www.oticavisaoweb.com.br/pub/media/catalog/product/cache/0ee050c3ffc3555709b9bb6062f4d7e9/s/e/sem_t_tulo-1_431.png,2697                  
HICKMANN HI LAVANDA 4 05A,HICKMANN,HI LAVANDA 4 05A,https://encrypted-tbn0.gstatic.com/images?q=tbn:ANd9GcQ1EpHAM6N_2K-ey0BpsJ1F96iKOpUEnm9xKQ&s,2698                  
HICKMANN HI10025-05A,HICKMANN,HI10025-05A,https://oculosshop.com.br/cdn/shop/files/56256_grande.jpg?v=1734534988,2227                  
HICKMANN HI10047-04A,HICKMANN,HI10047-04A,https://cdn.sistemawbuy.com.br/arquivos/de0f9d459e6b0537fbed094b2cdd7dba/produtos/665799776dea5/hi10047-04a-6659ba3638f1c_mini.jpg,2661                  
HICKMANN HI10047-09A,HICKMANN,HI10047-09A,https://imgs.extra.com.br/1570709409/1xg.jpg?imwidth=500,2662                  
HICKMANN HI10048-04A,HICKMANN,HI10048-04A,https://cdn.sistemawbuy.com.br/arquivos/de0f9d459e6b0537fbed094b2cdd7dba/produtos/668fde26dafaa/a-6728cdeaa10f1.jpg,2663                  
HICKMANN HI10049-05A,HICKMANN,HI10049-05A,https://oculosshop.com.br/cdn/shop/files/101053_1.jpg?crop=center&height=1024&v=1727714814&width=1024,2664                  
HICKMANN HI10050-09A,HICKMANN,HI10050-09A,https://loja.oticaademar.com.br/image/cache/catalog/Produtos/53633%20-%20Armacao%20Hickmann%20GARDENIA%201%20HI10050%2009A%2054-18%2001-800x800.jpg,2665                  
HICKMANN HI10058-09C,HICKMANN,HI10058-09C,https://www.safira.com.br/cdn/imagens/produtos/det/armacao-feminina-ana-hickmann-hi10058-09c-4d3a6fa71cf53442c8574e716dd99fe8.jpg,2666                  
HICKMANN HI10058-13C,HICKMANN,HI10058-13C,https://oculosshop.com.br/cdn/shop/files/101054-1.jpg?v=1727714989&width=2000,2667                  
HICKMANN HI10060-01A,HICKMANN,HI10060-01A,https://oculosshop.com.br/cdn/shop/files/102933_1.jpg?v=1743794794,2668                  
HICKMANN HI10060-06A,HICKMANN,HI10060-06A,https://http2.mlstatic.com/D_NQ_NP_983173-MLA95604340215_102025-O.webp,2669                  
HICKMANN HI10061-01A,HICKMANN,HI10061-01A,https://a-static.mlcdn.com.br/%7Bw%7Dx%7Bh%7D/armacao-ana-hickmann-ah10061-01a/oticavisaoweb/25379/f8755098caf3f109b69777e8a28771e0.jpeg,2670                  
HICKMANN HI10061-05A,HICKMANN,HI10061-05A,https://loja.oticaademar.com.br/image/cache/catalog/Produtos/58825%20-%20Armacao%20Hickmann%20FRESIA%202%20HI10061%2005A%2054-19%2001-800x800.jpg,2671                  
HICKMANN HI1139N-13A,HICKMANN,HI1139N-13A,https://a-static.mlcdn.com.br/280x210/hickmann-hi1139n-13a-55/oticaviewsiteoficial/33469/8edc749d33ab23f56c2ca6d39a9791ef.jpeg,2403                  
HICKMANN HI1157B-R01,HICKMANN,HI1157B-R01,https://images.tcdn.com.br/img/img_prod/1390546/90_armacao_oculos_de_grau_feminino_ana_hickmann_hi10060_06a_54_dourado_claro_azul_2159_1_fd68a3a55d5876be2d319204cba1b40e.jpg,2672                  
HICKMANN HI30009-13A,HICKMANN,HI30009-13A,https://loja.oticaademar.com.br/image/cache/catalog/Produtos/53635%20-%20Oculos%20de%20Sol%20Hickmann%20AMARILIS%201%20HI30009%2013A%2058-15%2001-800x800.jpg,2649                  
HICKMANN HI40003-G03,HICKMANN,HI40003-G03,https://oculosshop.com.br/cdn/shop/files/102939.jpg?v=1743795883,2673                  
HICKMANN HI40003-R03,HICKMANN,HI40003-R03,https://oculosshop.com.br/cdn/shop/files/102941_1.jpg?v=1743796028,2674                  
HICKMANN HI40004-D01,HICKMANN,HI40004-D01,https://oculosshop.com.br/cdn/shop/products/hickmann-hi-4000-oculos-de-grau-d01-roxo-brilho-lente-52-frente_1.jpg?v=1570445207&width=1140,2675                  
HICKMANN HI40010-A01,HICKMANN,HI40010-A01,https://loja.oticaademar.com.br/image/cache/catalog/Produtos/58830%20-%20Armacao%20Hickmann%20MARGARIDA%202%20HI40010%20A01%2055-17%2001-800x800.jpg,2676                  
HICKMANN HI40015-K02,HICKMANN,HI40015-K02,https://www.safira.com.br/cdn/imagens/produtos/det/armacao-feminina-ana-hickmann-hi40015-g02-dc91734802fd8c4cace5d7beaf3f344d.jpg,2677                  
HICKMANN HI60000-H01,HICKMANN,HI60000-H01,https://cdn.sistemawbuy.com.br/arquivos/de0f9d459e6b0537fbed094b2cdd7dba/produtos/665a3319cdea0/-a-hi60000-h01-66746a928179f.jpg,1791                  
HICKMANN HI60001-H01,HICKMANN,HI60001-H01,https://dw0jruhdg6fis.cloudfront.net/producao/32466293/G/72.webp,1794                  
HICKMANN HI60002-A01,HICKMANN,HI60002-A01,https://optoculos.vteximg.com.br/arquivos/ids/297712-1000-1000/ARMACOES-HICKMANN-HI60002-A01-54-1.png?v=637871041542930000,2044                  
HICKMANN HI60003-A01,HICKMANN,HI60003-A01,https://loja.oticaademar.com.br/image/cache/catalog/Produtos//50905%20-%20Armacao%20Hickmann%20HI60003%20A01%2052-17%2001-800x800.jpg,2039                  
HICKMANN HI60006-A01,HICKMANN,HI60006-A01,https://http2.mlstatic.com/D_NQ_NP_768484-MLA95738408368_102025-O.webp,1798                  
HICKMANN HI60006-G21,HICKMANN,HI60006-G21,https://optoculos.vteximg.com.br/arquivos/ids/297694-1000-1000/ARMACOES-HICKMANN-HI60006-G21-54-1.png?v=637871039127570000,1799                  
HICKMANN HI60008-A02,HICKMANN,HI60008-A02,https://parisvision.com.br/uploads/produto_fotos/20220930154852_imageremovebgpreview12.jpg,1806                  
HICKMANN HI60009-A01,HICKMANN,HI60009-A01,https://imgs.casasbahia.com.br/1564234292/1xg.jpg?imwidth=1000,1809                  
HICKMANN  HI60009-D01,HICKMANN,HI60009-D01,https://images.tcdn.com.br/img/img_prod/877056/oculos_de_grau_hickmann_feminino_hi60009_5847_1_aa0f3a03a9451d737824abfc7df0d14a.jpg,1810                  
HICKMANN HI60009-G01,HICKMANN,HI60009-G01,https://cdn.sistemawbuy.com.br/arquivos/de0f9d459e6b0537fbed094b2cdd7dba/produtos/64d69a53b0ca7/1-64d69e2fd3e85.jpg,2042                  
HICKMANN HI60016-A01,HICKMANN,HI60016-A01,https://www.oticavisaoweb.com.br/pub/media/catalog/product/cache/0ee050c3ffc3555709b9bb6062f4d7e9/h/i/hi60016_a01.jpg,2678                  
HICKMANN HI60028-A01,HICKMANN,HI60028-A01,https://http2.mlstatic.com/D_NQ_NP_709119-MLB73514333916_122023-O-oculos-armaco-hickmann-hi60028-a01-preto-redondo-53mm.webp,2679                  
HICKMANN HI60030-D01,HICKMANN,HI60030-D01,https://cdn.sistemawbuy.com.br/arquivos/de0f9d459e6b0537fbed094b2cdd7dba/produtos/6724c613a8cc4/b-6724cfdc7f25e.jpg,2680                  
HICKMANN HI60033-A02,HICKMANN,HI60033-A02,https://loja.oticaademar.com.br/image/cache/catalog/Produtos/60729%20-%20Armacao%20Hickmann%20HI60033%20A02%2054-18%2001-350x350.jpg,2682                  
HICKMANN HI60033-G21,HICKMANN,HI60033-G21,https://loja.oticaademar.com.br/image/cache/catalog/Produtos/60730%20-%20Armacao%20Hickmann%20HI60033%20G21%2054-18%2001-800x800.jpg,2683                  
HICKMANN HI60034-G02,HICKMANN,HI60034-G02,https://oticaview.com.br/media/catalog/product/_/c/_culos_de_grau_hickmannhi60034_g02_55_2__1.jpg,2684                  
HICKMANN HI60040-M01,HICKMANN,HI60040-M01,https://a-static.mlcdn.com.br/%7Bw%7Dx%7Bh%7D/armacao-de-oculos-hickmann-hi60040-m01-nude-translucido/oliststore/mglwwdncb6e5ckt4/568d2babac9b08e7ecb7f3e9dd5b84e5.jpeg,2686                  
HICKMANN HI60040-M02,HICKMANN,HI60040-M02,https://acdn-us.mitiendanube.com/stores/002/005/371/products/img_8930_easy-resize-com-a9c161be3a422157c117508551952973-1024-1024.jpg,2687                  
HICKMANN HI60048-A01,HICKMANN,HI60048-A01,https://a-static.mlcdn.com.br/%7Bw%7Dx%7Bh%7D/armacao-hickmann-hi60048-a01/oliststore/mglgq2kvpfjh5oki/cd1db09aeac6a113d9abf48ed7d4bfcf.jpeg,2688                  
HICKMANN HI60048-A02,HICKMANN,HI60048-A02,https://d5gag3xtge2og.cloudfront.net/producao/35402775/M/hickmann-tulipa-1-hi60048-a01-51-17-140.webp,2689                  
HICKMANN HI60048-D02,HICKMANN,HI60048-D02,https://loja.oticaademar.com.br/image/cache/catalog/Produtos/53648%20-%20Armacao%20Hickmann%20TULIPA%201%20HI60048%20D02%2051-17%2001-800x800.jpg,2690                  
HICKMANN HI60048-K02,HICKMANN,HI60048-K02,https://loja.oticaademar.com.br/image/cache/catalog/Produtos/53649%20-%20Armacao%20Hickmann%20TULIPA%201%20HI60048%20K02%2051-17%2001-800x800.jpg,2691                  
HICKMANN HI60049-K02,HICKMANN,HI60049-K02,https://loja.oticaademar.com.br/image/cache/catalog/Produtos/53651%20-%20Armacao%20Hickmann%20TULIPA%202%20HI60049%20K02%2052-18%2001-800x800.jpg,2693                  
